,index,precision,recall,f1-score,support
0,Prefix Title,0.9411764705882353,0.9795918367346939,0.96,49.0
1,Given Name,0.8936170212765957,1.0,0.9438202247191011,42.0
2,Surname,0.9574468085106383,0.8823529411764706,0.9183673469387754,51.0
3,Generational Suffix,0.0,0.0,0.0,1.0
4,Suffix Title,1.0,0.9130434782608695,0.9545454545454545,23.0
5,accuracy,0.9397590361445783,0.9397590361445783,0.9397590361445783,0.9397590361445783
6,macro avg,0.7584480600750939,0.7549976512344068,0.7553466052406662,166.0
7,weighted avg,0.9366225854607415,0.9397590361445783,0.9365766842567786,166.0
